
{
  "en": {
    "demo_title": "Demographic Information",
    "welcome_text": "Please provide your demographic details to begin the assessment.",
    "start_button": "Start Assessment",
    "submit_button": "Submit",
    "results_title": "Assessment Results",
    "save_button": "Download Report",
    "restart_button": "Restart",
    "restart_confirm": "Are you sure you want to restart the test? All progress will be lost.",
    "proficiency": "Trait Score",
    "precision": "Measurement Precision",
    "items_administered": "Items Completed",
    "recommendations": "Recommendations",
    "feedback_correct": "Correct",
    "feedback_incorrect": "Incorrect",
    "timeout_message": "Session timed out. Please restart.",
    "demo_error": "Please complete all required fields.",
    "age_error": "Please enter a valid age (1-150)."
  },
  "de": {
    "demo_title": "Demografische Informationen",
    "welcome_text": "Bitte geben Sie Ihre demografischen Daten ein, um mit der Bewertung zu beginnen.",
    "start_button": "Bewertung starten",
    "submit_button": "Absenden",
    "results_title": "Bewertungsergebnisse",
    "save_button": "Bericht herunterladen",
    "restart_button": "Neustart",
    "restart_confirm": "Sind Sie sicher, dass Sie den Test neu starten möchten? Alle Fortschritte gehen verloren.",
    "proficiency": "Merkmalswert",
    "precision": "Messgenauigkeit",
    "items_administered": "Abgeschlossene Items",
    "recommendations": "Empfehlungen",
    "feedback_correct": "Korrekt",
    "feedback_incorrect": "Falsch",
    "timeout_message": "Sitzung abgelaufen. Bitte starten Sie neu.",
    "demo_error": "Bitte füllen Sie alle erforderlichen Felder aus.",
    "age_error": "Bitte geben Sie ein gültiges Alter ein (1-150)."
  },
  "es": {
    "demo_title": "Información Demográfica",
    "welcome_text": "Por favor, proporcione sus datos demográficos para comenzar la evaluación.",
    "start_button": "Iniciar Evaluación",
    "submit_button": "Enviar",
    "results_title": "Resultados de la Evaluación",
    "save_button": "Descargar Informe",
    "restart_button": "Reiniciar",
    "restart_confirm": "¿Está seguro de que desea reiniciar la prueba? Todo el progreso se perderá.",
    "proficiency": "Puntuación de Rasgo",
    "precision": "Precisión de la Medición",
    "items_administered": "Ítems Completados",
    "recommendations": "Recomendaciones",
    "feedback_correct": "Correcto",
    "feedback_incorrect": "Incorrecto",
    "timeout_message": "La sesión ha expirado. Por favor, reinicie.",
    "demo_error": "Por favor, complete todos los campos requeridos.",
    "age_error": "Por favor, ingrese una edad válida (1-150)."
  },
  "fr": {
    "demo_title": "Informations Démographiques",
    "welcome_text": "Veuillez fournir vos informations démographiques pour commencer l'évaluation.",
    "start_button": "Démarrer l'Évaluation",
    "submit_button": "Soumettre",
    "results_title": "Résultats de l'Évaluation",
    "save_button": "Télécharger le Rapport",
    "restart_button": "Redémarrer",
    "restart_confirm": "Êtes-vous sûr de vouloir redémarrer le test ? Tout progrès sera perdu.",
    "proficiency": "Score de Trait",
    "precision": "Précision de la Mesure",
    "items_administered": "Éléments Complétés",
    "recommendations": "Recommandations",
    "feedback_correct": "Correct",
    "feedback_incorrect": "Incorrect",
    "timeout_message": "La session a expiré. Veuillez redémarrer.",
    "demo_error": "Veuillez remplir tous les champs requis.",
    "age_error": "Veuillez entrer un âge valide (1-150)."
  }
}
